rsID	chr	pos	gene	MAF_cohort	MAF_gnomAD_NFE	HWE_pvalue	Cox_pvalue
rs7698680	4	185461533	CCDC110	0.31	0.29	0.82	0.0003
rs11132306	4	185459218	CCDC110	0.28	0.27	0.91	0.0008
rs2305619	2	1690721	PXDN	0.41	0.39	0.67	0.0021
rs3738919	5	16614575	RETREG1	0.18	0.17	0.73	0.0045
rs1042522	17	7676154	TP53	0.25	0.27	0.55	0.0120
rs9999001	6	31271836	HLA-B	0.15	0.14	2.3e-08	0.0310
rs9999002	8	19956018	LPL	0.22	0.20	5.1e-07	0.0180
rs9999003	1	159205564	ACKR1	0.38	0.04	0.44	0.0150
rs9999004	11	5248232	HBB	0.12	0.01	0.31	0.0290
rs9999005	4	185460100	CCDC110	0.30	0.28	0.78	0.0055
rs9999006	4	185460450	CCDC110	0.29	0.28	0.81	0.0120
rs2241883	3	49881004	MST1R	0.34	0.32	0.61	0.0210
rs4143815	9	5467955	CD274	0.22	0.21	0.49	0.0280
rs1800896	1	206773289	IL10	0.44	0.42	0.72	0.0330
rs12979860	19	39248147	IFNL4	0.36	0.38	0.63	0.0350
rs3087243	2	203867991	CTLA4	0.39	0.41	0.58	0.0380
rs2228145	1	154453788	IL6R	0.33	0.35	0.69	0.0400
rs1800795	7	22765436	IL6	0.42	0.40	0.76	0.0420
rs7574865	2	191105394	STAT4	0.24	0.23	0.84	0.0450
rs763780	1	200913980	IL17F	0.08	0.07	0.91	0.0480
